{
  "IcoMoonType": "selection",
  "icons": [
    {
      "icon": {
        "paths": [
          "M1023.977 31.913l-31.863-31.913-480.114 480.082-480.082-480.082-31.895 31.913 480.082 480.078-480.082 480.082 31.895 31.927 480.082-480.146 480.114 480.146 31.863-31.927-480.082-480.082z"
        ],
        "attrs": [
          {}
        ],
        "isMulticolor": false,
        "isMulticolor2": false,
        "grid": 0,
        "tags": [
          "cross-out"
        ]
      },
      "attrs": [
        {}
      ],
      "properties": {
        "order": 15,
        "id": 5,
        "name": "cross",
        "prevSize": 32,
        "code": 59650
      },
      "setIdx": 0,
      "setId": 0,
      "iconIdx": 0
    },
    {
      "icon": {
        "paths": [
          "M512 1024c282.31 0 512-229.69 512-512s-229.69-512-512-512-512 229.69-512 512 229.69 512 512 512zM512 51.158c254.121 0 460.842 206.721 460.842 460.842s-206.721 460.842-460.842 460.842-460.842-206.721-460.842-460.842 206.721-460.842 460.842-460.842z",
          "M376.483 647.517c5.011 5.011 11.485 7.517 18.166 7.517s13.155-2.506 18.166-7.517l99.393-99.393 99.393 99.393c5.011 5.011 11.485 7.517 18.166 7.517s13.155-2.506 18.166-7.517c10.023-10.023 10.023-26.101 0-36.124l-99.811-99.393 99.393-99.393c10.023-10.023 10.023-26.101 0-36.124s-26.101-10.023-36.124 0l-99.393 99.393-99.393-99.393c-10.023-10.023-26.101-10.023-36.124 0s-10.023 26.101 0 36.124l99.393 99.393-99.393 99.393c-10.023 10.023-10.023 26.101 0 36.124z"
        ],
        "attrs": [
          {},
          {}
        ],
        "isMulticolor": false,
        "isMulticolor2": false,
        "grid": 0,
        "tags": [
          "close"
        ]
      },
      "attrs": [
        {},
        {}
      ],
      "properties": {
        "order": 16,
        "id": 4,
        "name": "close",
        "prevSize": 32,
        "code": 59652
      },
      "setIdx": 0,
      "setId": 0,
      "iconIdx": 1
    },
    {
      "icon": {
        "paths": [
          "M36.441 548.441c-20.158 0-36.181-16.543-36.181-36.702s16.022-36.181 36.181-36.181h438.825v-438.857c0.033-20.158 16.576-36.702 36.734-36.702s36.181 16.543 36.181 36.702v438.857h438.825c20.158 0 36.702 16.022 36.702 36.181s-16.543 36.702-36.702 36.702h-438.825v438.857c0 20.158-16.022 36.702-36.181 36.702s-36.702-16.543-36.702-36.702v-438.857h-438.857z"
        ],
        "attrs": [
          {}
        ],
        "isMulticolor": false,
        "isMulticolor2": false,
        "grid": 0,
        "tags": [
          "plus-symbol"
        ]
      },
      "attrs": [
        {}
      ],
      "properties": {
        "order": 17,
        "id": 3,
        "name": "plus",
        "prevSize": 32,
        "code": 59648
      },
      "setIdx": 0,
      "setId": 0,
      "iconIdx": 2
    },
    {
      "icon": {
        "paths": [
          "M1024 943l-302.31-302.31c50.181-66.966 80.294-149.78 80.294-239.698 0-221.118-179.874-400.992-400.992-400.992s-400.992 179.874-400.992 400.992 179.874 400.992 400.992 400.992c89.918 0 172.732-30.113 239.698-80.294l302.31 302.31 81-81zM38.19 400.992c0-200.057 162.745-362.802 362.802-362.802s362.802 162.745 362.802 362.802-162.745 362.802-362.802 362.802-362.802-162.745-362.802-362.802zM679.147 689.191c3.399-3.284 6.74-6.626 10.025-10.025 2.788-2.883 5.805-5.538 8.497-8.497l272.331 272.331-27.019 27.019-272.312-272.35c2.96-2.692 5.595-5.709 8.478-8.478z"
        ],
        "attrs": [
          {}
        ],
        "isMulticolor": false,
        "isMulticolor2": false,
        "grid": 0,
        "tags": [
          "search"
        ]
      },
      "attrs": [
        {}
      ],
      "properties": {
        "order": 18,
        "id": 2,
        "name": "search",
        "prevSize": 32,
        "code": 59649
      },
      "setIdx": 0,
      "setId": 0,
      "iconIdx": 3
    }
  ],
  "height": 1024,
  "metadata": {
    "name": "icomoon"
  },
  "preferences": {
    "showGlyphs": true,
    "showCodes": true,
    "showQuickUse": true,
    "showQuickUse2": true,
    "showSVGs": true,
    "fontPref": {
      "prefix": "icon-",
      "metadata": {
        "fontFamily": "icomoon"
      },
      "metrics": {
        "emSize": 1024,
        "baseline": 6.25,
        "whitespace": 50
      },
      "embed": false,
      "autoHost": true
    },
    "imagePref": {
      "prefix": "icon-",
      "png": true,
      "useClassSelector": true,
      "color": 0,
      "bgColor": 16777215
    },
    "historySize": 50,
    "quickUsageToken": {
      "Pokedex": "MGEzZDhlMTk2OWZiZmVmMTNhOTkwZDFiYjY1YWM5OWYjMSMxNTIyNTg0MTAyIyMj"
    }
  }
}